<?xml version="1.1" encoding="UTF-8"?>

<channel name="xfce4-desktop" version="1.0">
  <property name="last-settings-migration-version" type="uint" value="1"/>
  <property name="backdrop" type="empty">
    <property name="screen0" type="empty">
      <property name="monitorVNC-0" type="empty">
        <property name="workspace0" type="empty">
          <property name="last-image" type="string" value="/data/data/com.termux/files/home/.local/share/wallpapers/unreal/3840x2160.png"/>
          <property name="rgba1" type="array">
            <value type="double" value="0.5"/>
            <value type="double" value="0.5"/>
            <value type="double" value="0.5"/>
            <value type="double" value="1"/>
          </property>
          <property name="image-style" type="int" value="5"/>
        </property>
      </property>
    </property>
    <property name="single-workspace-mode" type="bool" value="false"/>
  </property>
  <property name="last" type="empty">
    <property name="window-width" type="int" value="672"/>
    <property name="window-height" type="int" value="607"/>
  </property>
  <property name="desktop-menu" type="empty">
    <property name="show-icons" type="bool" value="false"/>
    <property name="show" type="bool" value="false"/>
    <property name="show-delete" type="bool" value="false"/>
  </property>
  <property name="windowlist-menu" type="empty">
    <property name="show-urgent-windows-section" type="bool" value="false"/>
    <property name="show-icons" type="bool" value="false"/>
    <property name="show-submenus" type="bool" value="true"/>
    <property name="show-all-workspaces" type="bool" value="true"/>
  </property>
  <property name="desktop-icons" type="empty">
    <property name="icon-size" type="uint" value="36"/>
    <property name="use-custom-font-size" type="bool" value="true"/>
    <property name="font-size" type="double" value="9"/>
    <property name="file-icons" type="empty">
      <property name="show-unknown-removable" type="bool" value="false"/>
      <property name="show-device-fixed" type="bool" value="false"/>
      <property name="show-device-removable" type="bool" value="false"/>
      <property name="show-network-removable" type="bool" value="false"/>
      <property name="show-removable" type="bool" value="false"/>
      <property name="show-home" type="bool" value="false"/>
      <property name="show-trash" type="bool" value="false"/>
    </property>
  </property>
</channel>
