<?xml version="1.1" encoding="UTF-8"?>

<channel name="xfce4-panel" version="1.0">
  <property name="configver" type="int" value="2"/>
  <property name="panels" type="array">
    <value type="int" value="1"/>
    <property name="dark-mode" type="bool" value="true"/>
    <property name="panel-1" type="empty">
      <property name="position" type="string" value="p=8;x=512;y=751"/>
      <property name="length" type="double" value="100"/>
      <property name="position-locked" type="bool" value="true"/>
      <property name="icon-size" type="uint" value="0"/>
      <property name="size" type="uint" value="26"/>
      <property name="autohide-behavior" type="uint" value="1"/>
      <property name="enable-struts" type="bool" value="false"/>
      <property name="border-width" type="uint" value="3"/>
      <property name="mode" type="uint" value="0"/>
      <property name="background-style" type="uint" value="0"/>
      <property name="plugin-ids" type="array">
        <value type="int" value="1"/>
        <value type="int" value="2"/>
        <value type="int" value="3"/>
        <value type="int" value="4"/>
        <value type="int" value="5"/>
        <value type="int" value="6"/>
        <value type="int" value="7"/>
        <value type="int" value="8"/>
        <value type="int" value="9"/>
        <value type="int" value="10"/>
        <value type="int" value="11"/>
        <value type="int" value="12"/>
        <value type="int" value="13"/>
        <value type="int" value="14"/>
        <value type="int" value="15"/>
        <value type="int" value="16"/>
        <value type="int" value="17"/>
        <value type="int" value="18"/>
        <value type="int" value="19"/>
        <value type="int" value="20"/>
        <value type="int" value="21"/>
        <value type="int" value="22"/>
        <value type="int" value="23"/>
        <value type="int" value="24"/>
        <value type="int" value="25"/>
        <value type="int" value="26"/>
      </property>
    </property>
  </property>
  <property name="plugins" type="empty">
    <property name="plugin-1" type="string" value="whiskermenu">
      <property name="favorites" type="array">
      </property>
      <property name="view-mode" type="int" value="2"/>
      <property name="launcher-show-name" type="bool" value="false"/>
      <property name="launcher-show-tooltip" type="bool" value="false"/>
      <property name="launcher-show-description" type="bool" value="true"/>
      <property name="position-categories-horizontal" type="bool" value="false"/>
      <property name="position-categories-alternate" type="bool" value="true"/>
      <property name="position-search-alternate" type="bool" value="true"/>
      <property name="position-commands-alternate" type="bool" value="true"/>
      <property name="profile-shape" type="int" value="2"/>
      <property name="button-single-row" type="bool" value="true"/>
      <property name="sort-categories" type="bool" value="true"/>
      <property name="default-category" type="int" value="0"/>
      <property name="hover-switch-category" type="bool" value="true"/>
      <property name="recent-items-max" type="int" value="11"/>
      <property name="show-command-lockscreen" type="bool" value="true"/>
      <property name="show-command-settings" type="bool" value="false"/>
      <property name="show-command-logout" type="bool" value="true"/>
      <property name="show-command-menueditor" type="bool" value="false"/>
      <property name="show-command-profile" type="bool" value="false"/>
      <property name="show-command-switchuser" type="bool" value="true"/>
      <property name="recent" type="array">
      </property>
      <property name="button-icon" type="string" value="/data/data/com.termux/files/home/.local/share/pixmaps/rocket.svg"/>
    </property>
    <property name="plugin-2" type="string" value="separator">
      <property name="style" type="uint" value="0"/>
    </property>
    <property name="plugin-3" type="string" value="launcher">
      <property name="items" type="array">
        <value type="string" value="17365229421.desktop"/>
      </property>
    </property>
    <property name="plugin-4" type="string" value="launcher">
      <property name="items" type="array">
        <value type="string" value="17365235802.desktop"/>
      </property>
    </property>
    <property name="plugin-5" type="string" value="separator">
      <property name="style" type="uint" value="2"/>
    </property>
    <property name="plugin-6" type="string" value="places">
      <property name="show-icons" type="bool" value="false"/>
      <property name="show-volumes" type="bool" value="true"/>
      <property name="show-bookmarks" type="bool" value="true"/>
      <property name="show-recent" type="bool" value="true"/>
      <property name="mount-open-volumes" type="bool" value="true"/>
      <property name="show-recent-number" type="int" value="25"/>
      <property name="show-button-type" type="int" value="0"/>
    </property>
    <property name="plugin-7" type="string" value="separator">
      <property name="style" type="uint" value="0"/>
    </property>
    <property name="plugin-8" type="string" value="separator">
      <property name="style" type="uint" value="0"/>
    </property>
    <property name="plugin-9" type="string" value="tasklist">
      <property name="show-handle" type="bool" value="false"/>
      <property name="show-tooltips" type="bool" value="false"/>
      <property name="middle-click" type="uint" value="2"/>
      <property name="show-wireframes" type="bool" value="true"/>
      <property name="switch-workspace-on-unminimize" type="bool" value="true"/>
      <property name="flat-buttons" type="bool" value="true"/>
    </property>
    <property name="plugin-10" type="string" value="separator">
      <property name="expand" type="bool" value="true"/>
      <property name="style" type="uint" value="0"/>
    </property>
    <property name="plugin-11" type="string" value="pager">
      <property name="rows" type="uint" value="1"/>
      <property name="wrap-workspaces" type="bool" value="false"/>
    </property>
    <property name="plugin-12" type="string" value="separator">
      <property name="style" type="uint" value="0"/>
    </property>
    <property name="plugin-13" type="string" value="separator">
      <property name="style" type="uint" value="0"/>
    </property>
    <property name="plugin-14" type="string" value="notification-plugin"/>
    <property name="plugin-15" type="string" value="showdesktop">
      <property name="show-on-hover" type="bool" value="true"/>
    </property>
    <property name="plugin-16" type="string" value="mailwatch"/>
    <property name="plugin-17" type="string" value="xfce4-clipman-plugin"/>
    <property name="plugin-18" type="string" value="separator">
      <property name="style" type="uint" value="0"/>
    </property>
    <property name="plugin-19" type="string" value="separator">
      <property name="style" type="uint" value="0"/>
    </property>
    <property name="plugin-20" type="string" value="battery"/>
    <property name="plugin-21" type="string" value="separator">
      <property name="style" type="uint" value="0"/>
    </property>
    <property name="plugin-22" type="string" value="wavelan"/>
    <property name="plugin-23" type="string" value="separator">
      <property name="style" type="uint" value="0"/>
    </property>
    <property name="plugin-24" type="string" value="clock">
      <property name="timezone" type="string" value="Asia/Dhaka"/>
      <property name="tooltip-format" type="string" value="%A, %d %B %Y (GMT %:z) (%s/%C)"/>
      <property name="digital-date-font" type="string" value="MesloLGS NF 8"/>
      <property name="digital-time-font" type="string" value="MesloLGS NF 9"/>
      <property name="digital-time-format" type="string" value="%I:%M %p"/>
      <property name="digital-date-format" type="string" value="%d/%m/%Y"/>
      <property name="digital-layout" type="uint" value="1"/>
    </property>
    <property name="plugin-25" type="string" value="separator">
      <property name="style" type="uint" value="0"/>
    </property>
    <property name="plugin-26" type="string" value="screenshooter"/>
    <property name="clipman" type="empty">
      <property name="settings" type="empty">
        <property name="show-qr-code" type="bool" value="true"/>
        <property name="enable-actions" type="bool" value="true"/>
        <property name="max-texts-in-history" type="uint" value="75"/>
      </property>
      <property name="tweaks" type="empty">
        <property name="paste-on-activate" type="uint" value="2"/>
        <property name="popup-at-pointer" type="bool" value="true"/>
        <property name="max-menu-items" type="uint" value="10"/>
        <property name="reorder-items" type="bool" value="false"/>
        <property name="never-confirm-history-clear" type="bool" value="false"/>
      </property>
    </property>
  </property>
</channel>
