<?xml version="1.1" encoding="UTF-8"?>

<channel name="xfce4-notifyd" version="1.0">
  <property name="log-max-size-enabled" type="bool" value="true"/>
  <property name="plugin" type="empty">
    <property name="log-display-limit" type="int" value="15"/>
    <property name="after-menu-shown" type="string" value="mark-shown-read"/>
  </property>
  <property name="do-not-disturb" type="bool" value="false"/>
  <property name="applications" type="empty">
    <property name="known_applications" type="array">
      <value type="string" value="notify-send"/>
      <value type="string" value="Xfce4-notifyd settings"/>
      <value type="string" value="xfce4-panel"/>
      <value type="string" value="xfdesktop"/>
    </property>
  </property>
  <property name="date-time-custom-format" type="string" value="%a %H:%M:%S"/>
  <property name="do-slideout" type="bool" value="true"/>
  <property name="gauge-ignores-dnd" type="bool" value="false"/>
  <property name="show-notifications-on" type="string" value="primary-monitor"/>
  <property name="theme" type="string" value="Default"/>
  <property name="notify-location" type="string" value="top-right"/>
  <property name="initial-opacity" type="double" value="1"/>
  <property name="date-time-format" type="string" value="relative-times"/>
  <property name="log-max-size" type="uint" value="200"/>
  <property name="notification-log" type="bool" value="true"/>
  <property name="log-level-apps" type="string" value="except-blocked"/>
</channel>
