<?xml version="1.1" encoding="UTF-8"?>

<channel name="xsettings" version="1.0">
  <property name="Net" type="empty">
    <property name="ThemeName" type="string" value="Materia-dark"/>
    <property name="IconThemeName" type="string" value="Tela-android"/>
    <property name="DoubleClickTime" type="empty"/>
    <property name="DoubleClickDistance" type="empty"/>
    <property name="DndDragThreshold" type="empty"/>
    <property name="CursorBlink" type="empty"/>
    <property name="CursorBlinkTime" type="empty"/>
    <property name="SoundThemeName" type="empty"/>
    <property name="EnableEventSounds" type="bool" value="false"/>
    <property name="EnableInputFeedbackSounds" type="bool" value="false"/>
  </property>
  <property name="Xft" type="empty">
    <property name="DPI" type="int" value="96"/>
    <property name="Antialias" type="int" value="1"/>
    <property name="Hinting" type="int" value="1"/>
    <property name="HintStyle" type="string" value="hintmedium"/>
    <property name="RGBA" type="string" value="rgb"/>
  </property>
  <property name="Gtk" type="empty">
    <property name="CanChangeAccels" type="bool" value="true"/>
    <property name="ColorPalette" type="empty"/>
    <property name="FontName" type="string" value="Clash Grotesk Variable 11"/>
    <property name="MonospaceFontName" type="string" value="Fira Code weight=450 10"/>
    <property name="IconSizes" type="empty"/>
    <property name="KeyThemeName" type="empty"/>
    <property name="MenuImages" type="bool" value="false"/>
    <property name="ButtonImages" type="bool" value="false"/>
    <property name="MenuBarAccel" type="empty"/>
    <property name="CursorThemeName" type="empty"/>
    <property name="CursorThemeSize" type="empty"/>
    <property name="DecorationLayout" type="empty"/>
    <property name="DialogsUseHeader" type="bool" value="true"/>
    <property name="TitlebarMiddleClick" type="empty"/>
  </property>
  <property name="Gdk" type="empty">
    <property name="WindowScalingFactor" type="empty"/>
  </property>
  <property name="Xfce" type="empty">
    <property name="LastCustomDPI" type="int" value="95"/>
  </property>
</channel>
